scenario,footprint_type,attribute,n,mean,std,min,5%,25%,50%,75%,95%,max
baseline,kg CO2e/capita/year,footprint,179.0,1357.0786608844705,766.3387491450609,202.97457241050165,486.3932796496868,925.9675267123466,1198.524550705198,1615.1351723146179,2810.2778263755395,5817.733747640786
eat_lancet,kg CO2e/capita/year,footprint,179.0,1040.5558911508815,467.36581086887753,454.9185068588293,521.7361915899459,670.6770121610925,910.2494027752352,1254.393620070624,1928.8387329941131,2919.8054526122983
high_income,kg CO2e/capita/year,footprint,179.0,2155.255929301739,782.9365730317011,965.979682078203,1124.9276332998872,1519.295572664967,2092.602452930869,2647.5853279852927,3461.779222401162,5286.937142738021
baseline,mg antibiotics/capita/year,footprint,179.0,5259.155543778655,5616.4881503588,132.79348321505856,524.20910986459,1631.5360998950337,4216.680756452619,6632.574940371143,13150.464151777722,45583.35728109402
eat_lancet,mg antibiotics/capita/year,footprint,179.0,1983.7307065242928,1298.8057305796924,378.3859451242413,621.627826145511,1055.2619962036556,1743.9249660864516,2528.1030108817436,4505.001044625217,11014.116377203913
high_income,mg antibiotics/capita/year,footprint,179.0,10295.189215583425,7277.021332166684,1529.6670472324513,3716.2076242916155,4640.162671654905,8265.08150290932,14062.704338178637,22599.484226837725,60307.31266316688
